{
  "createdWith": "Open Stage Control",
  "version": "1.29.5",
  "type": "session",
  "content": {
    "type": "root",
    "lock": false,
    "id": "root",
    "visible": true,
    "interaction": true,
    "comments": "",
    "width": "auto",
    "height": "auto",
    "colorText": "auto",
    "colorWidget": "auto",
    "alphaFillOn": "auto",
    "borderRadius": "auto",
    "padding": "auto",
    "html": "",
    "css": "",
    "colorBg": "auto",
    "layout": "default",
    "justify": "start",
    "gridTemplate": "",
    "contain": true,
    "scroll": true,
    "innerPadding": true,
    "tabsPosition": "top",
    "hideMenu": false,
    "variables": "@{parent.variables}",
    "traversing": false,
    "value": "",
    "default": "",
    "linkId": "",
    "address": "/dataflow/1/float",
    "preArgs": "",
    "typeTags": "",
    "decimals": 2,
    "target": "",
    "ignoreDefaults": false,
    "bypass": false,
    "onCreate": "",
    "onValue": "",
    "onTouch": "",
    "onPreload": "",
    "widgets": [
      {
        "type": "panel",
        "top": 250,
        "left": 50,
        "lock": false,
        "id": "panel_1",
        "visible": true,
        "interaction": true,
        "comments": "",
        "width": 410,
        "height": 340,
        "expand": false,
        "colorText": "auto",
        "colorWidget": "auto",
        "colorStroke": "auto",
        "colorFill": "auto",
        "alphaStroke": "auto",
        "alphaFillOff": "auto",
        "alphaFillOn": "auto",
        "lineWidth": "auto",
        "borderRadius": "auto",
        "padding": "auto",
        "html": "",
        "css": "",
        "colorBg": "auto",
        "layout": "default",
        "justify": "start",
        "gridTemplate": "",
        "contain": true,
        "scroll": true,
        "innerPadding": true,
        "tabsPosition": "top",
        "variables": "@{parent.variables}",
        "traversing": false,
        "value": "",
        "default": "",
        "linkId": "",
        "address": "auto",
        "preArgs": "",
        "typeTags": "",
        "decimals": 2,
        "target": "",
        "ignoreDefaults": false,
        "bypass": false,
        "onCreate": "",
        "onValue": "",
        "onTouch": "",
        "widgets": [
          {
            "type": "range",
            "top": 40,
            "left": 320,
            "lock": false,
            "id": "dataflow/15/volume",
            "visible": true,
            "interaction": true,
            "comments": "",
            "width": "auto",
            "height": 250,
            "expand": false,
            "colorText": "auto",
            "colorWidget": "auto",
            "colorStroke": "auto",
            "colorFill": "auto",
            "alphaStroke": "auto",
            "alphaFillOff": "auto",
            "alphaFillOn": "auto",
            "lineWidth": "auto",
            "borderRadius": "auto",
            "padding": "auto",
            "html": "",
            "css": "",
            "design": "default",
            "knobSize": "auto",
            "colorKnob": "auto",
            "horizontal": false,
            "pips": false,
            "dashed": false,
            "gradient": [],
            "snap": false,
            "touchZone": "all",
            "spring": false,
            "doubleTap": false,
            "range": {
              "min": 0,
              "max": 100
            },
            "logScale": false,
            "sensitivity": 1,
            "steps": "",
            "value": "",
            "default": "",
            "linkId": "",
            "address": "auto",
            "preArgs": "",
            "typeTags": "",
            "decimals": 2,
            "target": "",
            "ignoreDefaults": false,
            "bypass": false,
            "onCreate": "",
            "onValue": "",
            "onTouch": ""
          },
          {
            "type": "button",
            "top": 50,
            "left": 20,
            "lock": false,
            "id": "dataflow/15/play",
            "visible": true,
            "interaction": true,
            "comments": "",
            "width": 140,
            "height": 180,
            "expand": false,
            "colorText": "auto",
            "colorWidget": "auto",
            "colorStroke": "auto",
            "colorFill": "auto",
            "alphaStroke": "auto",
            "alphaFillOff": "auto",
            "alphaFillOn": "auto",
            "lineWidth": "auto",
            "borderRadius": "auto",
            "padding": "auto",
            "html": "",
            "css": "",
            "colorTextOn": "auto",
            "label": "PLAY",
            "vertical": false,
            "wrap": false,
            "on": 1,
            "off": 0,
            "mode": "tap",
            "doubleTap": false,
            "decoupled": false,
            "value": "",
            "default": "",
            "linkId": "",
            "address": "auto",
            "preArgs": "",
            "typeTags": "",
            "decimals": 2,
            "target": "",
            "ignoreDefaults": false,
            "bypass": false,
            "onCreate": "",
            "onValue": ""
          },
          {
            "type": "button",
            "top": 50,
            "left": 160,
            "lock": false,
            "id": "dataflow/15/stop",
            "visible": true,
            "interaction": true,
            "comments": "",
            "width": 140,
            "height": 180,
            "expand": false,
            "colorText": "auto",
            "colorWidget": "auto",
            "colorStroke": "auto",
            "colorFill": "auto",
            "alphaStroke": "auto",
            "alphaFillOff": "auto",
            "alphaFillOn": "auto",
            "lineWidth": "auto",
            "borderRadius": "auto",
            "padding": "auto",
            "html": "",
            "css": "",
            "colorTextOn": "auto",
            "label": "STOP",
            "vertical": false,
            "wrap": false,
            "on": 1,
            "off": 0,
            "mode": "tap",
            "doubleTap": false,
            "decoupled": false,
            "value": "",
            "default": "",
            "linkId": "",
            "address": "auto",
            "preArgs": "",
            "typeTags": "",
            "decimals": 2,
            "target": "",
            "ignoreDefaults": false,
            "bypass": false,
            "onCreate": "",
            "onValue": ""
          },
          {
            "type": "button",
            "top": 230,
            "left": 20,
            "lock": false,
            "id": "dataflow/15/loop",
            "visible": true,
            "interaction": true,
            "comments": "",
            "width": 280,
            "height": "auto",
            "expand": false,
            "colorText": "auto",
            "colorWidget": "auto",
            "colorStroke": "auto",
            "colorFill": "auto",
            "alphaStroke": "auto",
            "alphaFillOff": "auto",
            "alphaFillOn": "auto",
            "lineWidth": "auto",
            "borderRadius": "auto",
            "padding": "auto",
            "html": "",
            "css": "",
            "colorTextOn": "auto",
            "label": "LOOP",
            "vertical": false,
            "wrap": false,
            "on": 1,
            "off": 0,
            "mode": "toggle",
            "doubleTap": false,
            "decoupled": false,
            "value": "",
            "default": "",
            "linkId": "",
            "address": "auto",
            "preArgs": "",
            "typeTags": "",
            "decimals": 2,
            "target": "",
            "ignoreDefaults": false,
            "bypass": false,
            "onCreate": "",
            "onValue": ""
          }
        ],
        "tabs": []
      },
      {
        "type": "folder",
        "lock": false,
        "id": "folder_1",
        "visible": true,
        "interaction": true,
        "comments": "",
        "colorText": "auto",
        "colorWidget": "auto",
        "css": "",
        "variables": "@{parent.variables}",
        "widgets": [],
        "tabs": []
      },
      {
        "type": "panel",
        "top": 250,
        "left": 500,
        "lock": false,
        "id": "panel_1",
        "visible": true,
        "interaction": true,
        "comments": "",
        "width": 410,
        "height": 340,
        "expand": false,
        "colorText": "auto",
        "colorWidget": "auto",
        "colorStroke": "auto",
        "colorFill": "auto",
        "alphaStroke": "auto",
        "alphaFillOff": "auto",
        "alphaFillOn": "auto",
        "lineWidth": "auto",
        "borderRadius": "auto",
        "padding": "auto",
        "html": "",
        "css": "",
        "colorBg": "auto",
        "layout": "default",
        "justify": "start",
        "gridTemplate": "",
        "contain": true,
        "scroll": true,
        "innerPadding": true,
        "tabsPosition": "top",
        "variables": "@{parent.variables}",
        "traversing": false,
        "value": "",
        "default": "",
        "linkId": "",
        "address": "auto",
        "preArgs": "",
        "typeTags": "",
        "decimals": 2,
        "target": "",
        "ignoreDefaults": false,
        "bypass": false,
        "onCreate": "",
        "onValue": "",
        "onTouch": "",
        "widgets": [
          {
            "type": "range",
            "top": 40,
            "left": 320,
            "lock": false,
            "id": "dataflow/18/volume",
            "visible": true,
            "interaction": true,
            "comments": "",
            "width": "auto",
            "height": 250,
            "expand": false,
            "colorText": "auto",
            "colorWidget": "auto",
            "colorStroke": "auto",
            "colorFill": "auto",
            "alphaStroke": "auto",
            "alphaFillOff": "auto",
            "alphaFillOn": "auto",
            "lineWidth": "auto",
            "borderRadius": "auto",
            "padding": "auto",
            "html": "",
            "css": "",
            "design": "default",
            "knobSize": "auto",
            "colorKnob": "auto",
            "horizontal": false,
            "pips": false,
            "dashed": false,
            "gradient": [],
            "snap": false,
            "touchZone": "all",
            "spring": false,
            "doubleTap": false,
            "range": {
              "min": 0,
              "max": 100
            },
            "logScale": false,
            "sensitivity": 1,
            "steps": "",
            "value": "",
            "default": "",
            "linkId": "",
            "address": "auto",
            "preArgs": "",
            "typeTags": "",
            "decimals": 2,
            "target": "",
            "ignoreDefaults": false,
            "bypass": false,
            "onCreate": "",
            "onValue": "",
            "onTouch": ""
          },
          {
            "type": "button",
            "top": 50,
            "left": 20,
            "lock": false,
            "id": "dataflow/18/play",
            "visible": true,
            "interaction": true,
            "comments": "",
            "width": 140,
            "height": 180,
            "expand": false,
            "colorText": "auto",
            "colorWidget": "auto",
            "colorStroke": "auto",
            "colorFill": "auto",
            "alphaStroke": "auto",
            "alphaFillOff": "auto",
            "alphaFillOn": "auto",
            "lineWidth": "auto",
            "borderRadius": "auto",
            "padding": "auto",
            "html": "",
            "css": "",
            "colorTextOn": "auto",
            "label": "PLAY",
            "vertical": false,
            "wrap": false,
            "on": 1,
            "off": 0,
            "mode": "tap",
            "doubleTap": false,
            "decoupled": false,
            "value": "",
            "default": "",
            "linkId": "",
            "address": "auto",
            "preArgs": "",
            "typeTags": "",
            "decimals": 2,
            "target": "",
            "ignoreDefaults": false,
            "bypass": false,
            "onCreate": "",
            "onValue": ""
          },
          {
            "type": "button",
            "top": 50,
            "left": 160,
            "lock": false,
            "id": "dataflow/18/stop",
            "visible": true,
            "interaction": true,
            "comments": "",
            "width": 140,
            "height": 180,
            "expand": false,
            "colorText": "auto",
            "colorWidget": "auto",
            "colorStroke": "auto",
            "colorFill": "auto",
            "alphaStroke": "auto",
            "alphaFillOff": "auto",
            "alphaFillOn": "auto",
            "lineWidth": "auto",
            "borderRadius": "auto",
            "padding": "auto",
            "html": "",
            "css": "",
            "colorTextOn": "auto",
            "label": "STOP",
            "vertical": false,
            "wrap": false,
            "on": 1,
            "off": 0,
            "mode": "tap",
            "doubleTap": false,
            "decoupled": false,
            "value": "",
            "default": "",
            "linkId": "",
            "address": "auto",
            "preArgs": "",
            "typeTags": "",
            "decimals": 2,
            "target": "",
            "ignoreDefaults": false,
            "bypass": false,
            "onCreate": "",
            "onValue": ""
          },
          {
            "type": "button",
            "top": 230,
            "left": 20,
            "lock": false,
            "id": "dataflow/18/loop",
            "visible": true,
            "interaction": true,
            "comments": "",
            "width": 280,
            "height": "auto",
            "expand": false,
            "colorText": "auto",
            "colorWidget": "auto",
            "colorStroke": "auto",
            "colorFill": "auto",
            "alphaStroke": "auto",
            "alphaFillOff": "auto",
            "alphaFillOn": "auto",
            "lineWidth": "auto",
            "borderRadius": "auto",
            "padding": "auto",
            "html": "",
            "css": "",
            "colorTextOn": "auto",
            "label": "LOOP",
            "vertical": false,
            "wrap": false,
            "on": 1,
            "off": 0,
            "mode": "toggle",
            "doubleTap": false,
            "decoupled": false,
            "value": "",
            "default": "",
            "linkId": "",
            "address": "auto",
            "preArgs": "",
            "typeTags": "",
            "decimals": 2,
            "target": "",
            "ignoreDefaults": false,
            "bypass": false,
            "onCreate": "",
            "onValue": ""
          }
        ],
        "tabs": []
      },
      {
        "type": "panel",
        "top": 10,
        "left": 50,
        "lock": false,
        "id": "panel_3",
        "visible": true,
        "interaction": true,
        "comments": "",
        "width": 860,
        "height": 230,
        "expand": false,
        "colorText": "auto",
        "colorWidget": "auto",
        "colorStroke": "auto",
        "colorFill": "auto",
        "alphaStroke": "auto",
        "alphaFillOff": "auto",
        "alphaFillOn": "auto",
        "lineWidth": "auto",
        "borderRadius": "auto",
        "padding": "auto",
        "html": "",
        "css": "",
        "colorBg": "auto",
        "layout": "default",
        "justify": "start",
        "gridTemplate": "",
        "contain": true,
        "scroll": true,
        "innerPadding": true,
        "tabsPosition": "top",
        "variables": "@{parent.variables}",
        "traversing": false,
        "value": "",
        "default": "",
        "linkId": "",
        "address": "auto",
        "preArgs": "",
        "typeTags": "",
        "decimals": 2,
        "target": "",
        "ignoreDefaults": false,
        "bypass": false,
        "onCreate": "",
        "onValue": "",
        "onTouch": "",
        "widgets": [
          {
            "type": "button",
            "top": 120,
            "left": 20,
            "lock": false,
            "id": "timeline/toolbar/stop",
            "visible": true,
            "interaction": true,
            "comments": "",
            "width": 160,
            "height": 80,
            "expand": false,
            "colorText": "auto",
            "colorWidget": "auto",
            "colorStroke": "auto",
            "colorFill": "auto",
            "alphaStroke": "auto",
            "alphaFillOff": "auto",
            "alphaFillOn": "auto",
            "lineWidth": "auto",
            "borderRadius": "auto",
            "padding": "auto",
            "html": "",
            "css": "",
            "colorTextOn": "auto",
            "label": "停止",
            "vertical": false,
            "wrap": false,
            "on": 1,
            "off": 0,
            "mode": "tap",
            "doubleTap": false,
            "decoupled": false,
            "value": "",
            "default": "",
            "linkId": "",
            "address": "auto",
            "preArgs": "",
            "typeTags": "",
            "decimals": 2,
            "target": "",
            "ignoreDefaults": false,
            "bypass": false,
            "onCreate": "",
            "onValue": ""
          },
          {
            "type": "button",
            "top": 20,
            "left": 20,
            "lock": false,
            "id": "timeline/toolbar/play",
            "visible": true,
            "interaction": true,
            "comments": "",
            "width": 160,
            "height": 80,
            "expand": false,
            "colorText": "auto",
            "colorWidget": "auto",
            "colorStroke": "auto",
            "colorFill": "auto",
            "alphaStroke": "auto",
            "alphaFillOff": "auto",
            "alphaFillOn": "auto",
            "lineWidth": "auto",
            "borderRadius": "auto",
            "padding": "auto",
            "html": "",
            "css": "",
            "colorTextOn": "auto",
            "label": "启动",
            "vertical": false,
            "wrap": false,
            "on": 1,
            "off": 0,
            "mode": "tap",
            "doubleTap": false,
            "decoupled": false,
            "value": "",
            "default": "",
            "linkId": "",
            "address": "auto",
            "preArgs": "",
            "typeTags": "",
            "decimals": 2,
            "target": "",
            "ignoreDefaults": false,
            "bypass": false,
            "onCreate": "",
            "onValue": ""
          },
          {
            "type": "matrix",
            "top": 20,
            "left": 240,
            "lock": false,
            "id": "matrix_6",
            "visible": true,
            "interaction": true,
            "comments": "",
            "width": "auto",
            "height": 180,
            "expand": false,
            "colorText": "auto",
            "colorWidget": "auto",
            "colorStroke": "auto",
            "colorFill": "auto",
            "alphaStroke": "auto",
            "alphaFillOff": "auto",
            "alphaFillOn": "auto",
            "lineWidth": "auto",
            "borderRadius": "auto",
            "padding": "auto",
            "html": "",
            "css": "",
            "colorBg": "auto",
            "layout": "horizontal",
            "justify": "start",
            "gridTemplate": "",
            "contain": true,
            "scroll": true,
            "innerPadding": true,
            "variables": "@{parent.variables}",
            "traversing": false,
            "widgetType": "button",
            "quantity": 4,
            "props": {
              "label": "#{$}"
            },
            "value": "",
            "default": "",
            "linkId": "",
            "address": "auto",
            "preArgs": "",
            "typeTags": "",
            "decimals": 2,
            "target": "",
            "ignoreDefaults": false,
            "bypass": false,
            "onCreate": "",
            "onValue": "",
            "onTouch": "",
            "widgets": [],
            "tabs": []
          },
          {
            "type": "patchbay",
            "top": 20,
            "left": 500,
            "lock": false,
            "id": "patchbay_1",
            "visible": true,
            "interaction": true,
            "comments": "",
            "width": 300,
            "height": 180,
            "expand": false,
            "colorText": "auto",
            "colorWidget": "auto",
            "colorStroke": "auto",
            "colorFill": "auto",
            "alphaStroke": "auto",
            "alphaFillOff": "auto",
            "alphaFillOn": "auto",
            "lineWidth": "auto",
            "borderRadius": "auto",
            "padding": "auto",
            "html": "",
            "css": "",
            "inputs": [
              "input_1",
              "input_2"
            ],
            "outputs": [
              "output_1",
              "output_2"
            ],
            "exclusive": false,
            "value": "",
            "default": "",
            "linkId": "",
            "address": "auto",
            "preArgs": "",
            "typeTags": "",
            "decimals": 2,
            "target": "",
            "ignoreDefaults": false,
            "bypass": false,
            "onCreate": "",
            "onValue": ""
          }
        ],
        "tabs": []
      }
    ],
    "tabs": []
  }
}